JDD-01	2026-10-03T14:35:18.457Z	2026-10-03T14:35:53.835Z	2018-10-02T15:17:00Z	18.6 17.6 39.4 31.2 41.2 57.4 44.4 41.5 43.4 10.6 3.6 63.4 54.4	39.3 38.3 37.2 31.5 41.5 31.5 4.4 19.2 1.1 58.2 27.1 63.6 54.6	6/3	Projector	Left Angle Cross of Upheaval (18/17 | 39/38)	October 2, 2018, 15:17
JDD-02	2026-10-03T14:36:06.169Z	2026-10-03T14:36:09.084Z	2020-10-11T15:00:00Z	57.4 51.4 33.1 45.6 26.6 44.4 40.5 42.2 54.4 61.6 24.2 22.2 61.2	62.1 61.1 51.3 15.1 10.1 52.2 16.5 17.5 61.2 60.4 24.3 22.5 61.4	4/1	Projector	Juxtaposition Cross of Intuition (57/51 | 62/61)	October 11, 2020, 15:00
JDD-03	2026-10-03T14:36:12.430Z	2026-10-03T14:36:15.561Z	2016-10-06T13:26:00Z	48.5 21.5 5.4 64.1 63.1 46.1 1.3 58.3 18.3 5.1 42.3 37.5 38.6	53.1 54.1 4.5 64.4 63.4 53.2 62.4 43.5 47.2 9.6 42.4 63.1 54.2	5/1	Generator	Left Angle Cross of Endeavor (48/21 | 53/54)	October 6, 2016, 13:26
JDD-04	2026-10-03T14:36:18.691Z	2026-10-03T14:36:21.524Z	2017-04-11T00:55:00Z	42.1 32.1 57.4 59.3 55.3 27.3 36.5 23.5 57.3 11.6 42.4 63.2 54.5	61.3 62.3 31.4 59.5 55.5 10.3 37.6 22.2 32.2 11.1 51.6 37.5 54.3	1/3	Projector	Right Angle Cross of Maya (42/32 | 61/62)	April 11, 2017, 00:55
JDD-05	2026-10-03T14:36:24.857Z	2026-10-03T14:36:27.749Z	2017-10-02T21:59:00Z	48.1 21.1 55.5 4.5 49.5 18.2 64.5 47.1 50.3 26.6 3.1 63.1 54.2	39.3 38.3 44.5 29.1 30.1 62.6 8.5 53.5 48.5 11.1 3.2 63.3 54.4	1/3	Projector	Right Angle Cross of Tension (48/21 | 39/38)	October 2, 2017, 21:59
JDD-06	2026-10-03T14:43:40.189Z	2026-10-03T14:43:42.980Z	2017-10-10T23:44:00Z	57.3 51.3 12.6 4.4 49.4 57.5 6.4 47.6 50.4 11.1 3.1 63.1 54.2	53.6 54.6 49.4 4.6 49.6 33.4 16.3 62.4 48.6 11.1 3.3 63.3 54.4	3/6	Projector	Right Angle Cross of Penetration (57/51 | 53/54)	October 10, 2017, 23:44
JDD-07	2026-10-03T14:43:46.198Z	2026-10-03T14:43:49.227Z	2022-04-06T14:48:00Z	51.2 57.2 45.1 23.5 43.5 51.6 55.1 49.6 22.6 49.4 24.6 36.2 60.3	54.4 53.4 21.2 20.1 34.1 19.1 54.4 26.3 55.3 19.6 24.4 22.5 61.6	2/4	Manifesting Generator	Right Angle Cross of Penetration (51/57 | 54/53)	April 6, 2022, 14:48
JDD-08	2026-10-03T14:43:52.566Z	2026-10-03T14:43:55.696Z	2025-10-12T12:21:00Z	57.5 51.5 15.6 22.1 47.1 44.1 46.1 1.1 62.4 36.5 20.1 25.3 60.6	62.1 61.1 30.1 22.3 47.3 7.2 16.5 64.5 52.5 25.4 20.1 25.5 41.1	5/1	Projector	Left Angle Cross of The Clarion (57/51 | 62/61)	October 12, 2025, 12:21
JDD-09	2026-10-03T14:43:59.028Z	2026-10-03T14:44:02.160Z	1980-10-01T19:30:00Z	18.6 17.6 53.2 4.1 49.1 28.1 29.3 43.5 6.3 46.4 43.5 26.4 32.1	39.2 38.2 55.5 4.3 49.3 62.4 35.6 6.4 40.1 47.5 43.4 26.5 57.5	6/2	Generator	Left Angle Cross of Upheaval (18/17 | 39/38)	October 1, 1980, 19:30
JDD-10	2026-10-03T14:44:23.603Z	2026-10-03T14:44:26.531Z	1980-10-06T09:32:00Z	48.5 21.5 64.3 4.1 49.1 44.1 59.2 14.2 6.4 46.4 43.5 26.4 32.1	53.1 54.1 24.4 4.3 49.3 62.2 35.5 6.6 40.2 47.6 43.4 26.4 57.5	5/1	Generator	Left Angle Cross of Endeavor (48/21 | 53/54)	October 6, 1980, 09:32
JDD-11	2026-10-03T14:44:29.764Z	2026-10-03T14:44:32.827Z	1986-03-31T09:25:00Z	21.1 48.1 26.6 3.4 50.4 22.2 3.2 10.4 37.4 9.5 26.6 58.3 28.5	38.4 39.4 46.5 27.6 28.6 11.4 58.5 44.5 13.6 34.6 26.3 10.6 28.6	1/4	Generator	Right Angle Cross of Tension (21/48 | 38/39)	March 31, 1986, 09:25
JDD-12	2026-10-03T14:44:36.029Z	2026-10-03T14:44:39.062Z	1986-04-02T09:17:00Z	21.4 48.4 54.5 3.4 50.4 22.2 3.4 10.5 37.5 9.5 26.6 58.3 28.5	38.6 39.6 50.4 27.6 28.6 10.1 38.2 44.6 49.1 34.6 26.3 10.6 28.6	4/6	Generator	Right Angle Cross of Tension (21/48 | 38/39)	April 2, 1986, 09:17
JDD-13	2026-10-03T14:44:42.295Z	2026-10-03T14:44:45.360Z	2025-12-09T18:15:00Z	26.1 45.1 4.5 63.2 64.2 14.4 9.6 11.4 62.4 36.3 8.5 25.2 41.1	47.4 22.4 23.5 22.2 47.2 47.3 4.3 32.3 53.6 25.2 20.2 25.3 60.6	1/4	Projector	Right Angle Cross of Rulership (26/45 | 47/22)	December 9, 2025, 18:15
JDD-14	2026-10-03T14:44:57.041Z	2026-10-03T14:44:59.945Z	1994-10-07T09:31:00Z	48.5 21.5 1.2 1.2 2.2 28.5 1.5 56.6 1.4 37.1 61.2 54.6 14.2	53.1 54.1 52.6 43.4 23.4 15.2 29.3 20.4 28.4 63.1 61.5 61.2 14.2	5/1	Generator	Left Angle Cross of Endeavor (48/21 | 53/54)	October 7, 1994, 09:31
JDD-15	2026-10-03T14:45:03.108Z	2026-10-03T14:45:05.994Z	2003-10-12T20:48:00Z	57.5 51.5 2.5 23.2 43.2 48.1 28.2 55.2 40.5 39.4 30.5 19.3 26.1	62.1 61.1 61.3 8.5 14.5 56.5 39.2 37.4 4.2 52.2 55.3 19.6 26.1	5/1	Generator	Left Angle Cross of The Clarion (57/51 | 62/61)	October 12, 2003, 20:48
JDD-16	2026-10-03T14:45:09.267Z	2026-10-03T14:45:12.300Z	2004-04-04T03:37:00Z	21.6 48.6 6.6 24.5 44.5 3.6 20.1 16.4 40.5 52.4 55.6 13.2 26.6	54.2 53.2 53.3 23.1 43.1 11.4 49.3 21.5 47.3 52.6 55.1 19.5 26.4	6/2	Manifestor	Left Angle Cross of Endeavor (21/48 | 54/53)	April 4, 2004, 03:37
JDD-17	2026-10-03T14:45:15.532Z	2026-10-03T14:45:18.591Z	2004-10-12T22:58:00Z	57.6 51.6 18.2 27.1 28.1 32.5 40.6 48.2 46.6 56.1 55.4 19.6 26.4	62.2 61.2 35.4 24.2 44.2 7.3 35.2 33.6 64.5 53.3 37.1 13.2 26.4	6/2	Projector	Left Angle Cross of The Clarion (57/51 | 62/61)	October 12, 2004, 22:58
JDD-18	2026-10-03T14:45:43.130Z	2026-10-03T14:45:46.266Z	1981-01-09T20:26:00Z	54.5 53.5 55.4 33.4 19.4 61.5 11.6 19.1 48.1 48.1 14.5 11.1 32.4	32.1 42.1 11.1 7.5 13.5 1.4 40.6 34.2 6.6 46.5 43.6 26.4 32.2	5/1	Generator	Left Angle Cross of Cycles (54/53 | 32/42)	January 9, 1981, 20:26
JDD-19	2026-10-03T14:45:49.497Z	2026-10-03T14:45:52.409Z	1981-02-02T08:05:00Z	13.1 7.1 38.3 33.4 19.4 55.2 60.2 30.2 48.1 48.1 14.6 11.2 32.4	1.3 2.3 44.6 7.3 13.3 28.5 48.1 26.3 46.5 18.2 14.1 26.5 32.3	1/3	Manifesting Generator	Right Angle Cross of The Sphinx (13/7 | 1/2)	February 2, 1981, 08:05
JDD-20	2026-10-03T14:45:55.567Z	2026-10-03T14:45:59.304Z	1983-06-18T01:23:00Z	12.4 11.4 46.2 12.3 11.3 20.6 33.5 45.6 34.4 50.2 9.1 11.6 50.1	25.1 46.1 8.1 15.2 10.2 22.5 3.4 51.3 9.6 28.2 9.4 10.2 50.3	4/1	Manifesting Generator	Juxtaposition Cross of Articulation (12/11 | 25/46)	June 18, 1983, 01:23
JDD-21	2026-10-03T14:46:02.538Z	2026-10-03T14:46:05.566Z	1985-06-10T20:11:00Z	45.4 26.4 36.3 2.5 1.5 12.2 27.3 15.3 13.4 43.5 5.5 10.5 28.1	22.6 47.6 9.1 23.2 43.2 17.6 42.2 3.2 41.6 14.4 26.2 10.6 28.3	4/6	Manifesting Generator	Right Angle Cross of Rulership (45/26 | 22/47)	June 10, 1985, 20:11
JDD-22	2026-10-03T14:46:38.515Z	2026-10-03T14:46:41.578Z	1987-07-31T05:12:00Z	31.6 41.6 18.4 25.6 46.6 53.5 56.6 7.3 3.3 5.4 11.1 58.3 28.6	24.2 44.2 16.1 21.2 48.2 3.6 17.6 35.6 21.5 26.4 11.5 58.5 44.1	6/2	Manifestor	Left Angle Cross of The Alpha (31/41 | 24/44)	July 31, 1987, 05:12
JDD-23	2026-10-03T14:46:44.819Z	2026-10-03T14:46:47.887Z	1992-08-02T09:35:00Z	33.3 19.3 46.3 10.2 15.2 33.4 4.6 20.5 64.5 13.3 38.6 54.2 43.2	24.6 44.6 24.2 10.4 15.4 51.2 3.5 36.6 59.5 13.6 54.4 54.5 43.4	3/6	Projector	Right Angle Cross of The Four Ways (33/19 | 24/44)	August 2, 1992, 09:35
JDD-24	2026-10-03T14:46:51.079Z	2026-10-03T14:46:54.089Z	1995-01-26T03:23:00Z	41.4 31.4 34.1 44.4 24.4 49.3 26.3 29.5 9.4 37.5 60.1 61.3 34.1	44.1 24.1 6.1 1.2 2.2 32.1 44.5 7.1 43.3 37.1 61.3 61.1 14.3	4/1	Manifesting Generator	Juxtaposition Cross of Fantasy (41/31 | 44/24)	January 26, 1995, 03:23
JDD-25	2026-10-03T14:46:57.346Z	2026-10-03T14:47:00.275Z	1980-10-05T10:56:00Z	48.4 21.4 59.3 4.1 49.1 28.6 59.1 14.1 6.4 46.4 43.5 26.4 32.1	39.6 38.6 3.2 4.3 49.3 62.3 35.6 6.6 40.2 47.6 43.4 26.4 57.5	4/6	Generator	Right Angle Cross of Tension (48/21 | 39/38)	October 5, 1980, 10:56
JDD-26	2026-10-03T14:47:26.456Z	2026-10-03T14:47:29.482Z	1980-10-06T14:21:00Z	48.5 21.5 64.5 4.1 49.1 44.1 59.2 14.2 6.4 46.4 43.5 26.4 32.1	53.1 54.1 2.1 4.2 49.2 62.2 35.6 6.6 40.2 47.6 43.4 26.4 57.5	5/1	Generator	Left Angle Cross of Endeavor (48/21 | 53/54)	October 6, 1980, 14:21
JDD-27	2026-10-03T14:47:32.818Z	2026-10-03T14:47:35.850Z	1984-08-20T06:46:00Z	29.4 30.4 20.3 20.3 34.3 64.1 64.5 34.2 10.6 44.4 9.5 10.1 50.4	8.6 14.6 60.6 16.1 9.1 27.3 23.4 1.5 38.4 44.5 5.1 10.3 50.4	4/6	Manifesting Generator	Right Angle Cross of Contagion (29/30 | 8/14)	August 20, 1984, 06:46
JDD-28	2026-10-03T14:47:39.181Z	2026-10-03T14:47:42.075Z	1988-03-05T23:22:00Z	63.5 64.5 48.2 36.1 6.1 13.6 3.4 58.5 3.4 10.4 10.3 38.1 44.6	26.1 45.1 33.5 25.1 46.1 9.5 38.6 44.4 51.6 11.1 11.4 58.4 44.4	5/1	Manifestor	Left Angle Cross of Dominion (63/64 | 26/45)	March 5, 1988, 23:22
