id,London_date,London_time,offset_minutes,birth_UTC,Sharp_P_Sun,Sharp_D_Sun,Sharp_Profile,Sun_longitude_double,Diagnostic_float32_P_Sun,native_boundary_UTC,seconds_from_boundary,Design_UTC,solar_arc_deg
1985-P41.4-to-41.5-minute-zero,1985-01-25,18:34:00.0000000,0,1985-01-25T18:34:00.0000000Z,41.4,44.1,4 / 1,305.7499965996151,41.5,1985-01-25T18:34:00.2890739Z,-0.2890739,1984-10-31T00:04:07.9710549Z,87.99999999426609
1985-P41.4-to-41.5-minute-next,1985-01-25,18:35:00.0000000,0,1985-01-25T18:35:00.0000000Z,41.5,44.1,5 / 1,305.7507027768501,41.5,1985-01-25T18:34:00.2890739Z,59.7109261,1984-10-31T00:05:08.9732989Z,87.99999999477927
1985-P41.4-to-41.5-second-one,1985-01-25,18:34:01.0000000,0,1985-01-25T18:34:01.0000000Z,41.5,44.1,5 / 1,305.7500083691737,41.5,1985-01-25T18:34:00.2890739Z,0.7109261,1984-10-31T00:04:08.9881485Z,87.99999999105512
1985-P34.3-to-34.4-minute-zero,1985-11-25,06:36:00.0000000,0,1985-11-25T06:36:00.0000000Z,34.3,59.6,3 / 6,242.93749584579962,34.4,1985-11-25T06:36:00.3550490Z,-0.355049,1985-08-28T07:25:25.3662452Z,87.99999999602852
1985-P34.3-to-34.4-minute-next,1985-11-25,06:37:00.0000000,0,1985-11-25T06:37:00.0000000Z,34.4,59.6,4 / 6,242.93819807115665,34.4,1985-11-25T06:36:00.3550490Z,59.644951,1985-08-28T07:26:28.1951138Z,87.99999999852173
1985-P34.3-to-34.4-second-one,1985-11-25,06:36:01.0000000,0,1985-11-25T06:36:01.0000000Z,34.4,59.6,4 / 6,242.93750754949124,34.4,1985-11-25T06:36:00.3550490Z,0.644951,1985-08-28T07:25:26.4129102Z,88.0000000090705
1995-P55.3-to-55.4-minute-zero,1995-02-22,01:08:00.0000000,0,1995-02-22T01:08:00.0000000Z,55.3,34.6,3 / 6,332.9374980286018,55.4,1995-02-22T01:08:00.1700232Z,-0.1700232,1994-11-27T10:16:43.6340520Z,87.99999999254896
1995-P55.3-to-55.4-minute-next,1995-02-22,01:09:00.0000000,0,1995-02-22T01:09:00.0000000Z,55.4,34.6,4 / 6,332.9381975324445,55.4,1995-02-22T01:08:00.1700232Z,59.8299768,1994-11-27T10:17:43.3329436Z,88.00000000532293
1995-P55.3-to-55.4-second-one,1995-02-22,01:08:01.0000000,0,1995-02-22T01:08:01.0000000Z,55.4,34.6,4 / 6,332.9375096869381,55.4,1995-02-22T01:08:00.1700232Z,0.8299768,1994-11-27T10:16:44.6286151Z,88.00000000403224
1995-P51.6-to-42.1-minute-zero,1995-04-11,03:30:00.0000000,60,1995-04-11T02:30:00.0000000Z,51.6,61.3,6 / 3,20.749996461526724,51.6,1995-04-11T02:30:00.3120747Z,-0.3120747,1995-01-13T10:05:19.0948963Z,88.00000727725478
1995-P51.6-to-42.1-minute-next,1995-04-11,03:31:00.0000000,60,1995-04-11T02:31:00.0000000Z,42.1,61.3,1 / 3,20.750677904580026,42.1,1995-04-11T02:30:00.3120747Z,59.6879253,1995-01-13T10:06:16.8992498Z,88.00000726973968
1995-P51.6-to-42.1-second-one,1995-04-11,03:30:01.0000000,60,1995-04-11T02:30:01.0000000Z,42.1,61.3,1 / 3,20.750007818852524,42.1,1995-04-11T02:30:00.3120747Z,0.6879253,1995-01-13T10:05:20.0583189Z,88.00000727035916
1995-P15.2-to-15.3-minute-zero,1995-06-22,00:43:00.0000000,60,1995-06-21T23:43:00.0000000Z,15.2,25.5,2 / 5,90.12499928156265,15.3,1995-06-21T23:43:00.0660429Z,-0.0660429,1995-03-23T05:37:03.9094555Z,87.99999999887018
1995-P15.2-to-15.3-minute-next,1995-06-22,00:44:00.0000000,60,1995-06-21T23:44:00.0000000Z,15.3,25.5,3 / 5,90.12566196455464,15.3,1995-06-21T23:43:00.0660429Z,59.9339571,1995-03-23T05:38:01.6185772Z,87.99999999793442
1995-P15.2-to-15.3-second-one,1995-06-22,00:43:01.0000000,60,1995-06-21T23:43:01.0000000Z,15.3,25.5,3 / 5,90.12501032665706,15.3,1995-06-21T23:43:00.0660429Z,0.9339571,1995-03-23T05:37:04.8712689Z,87.99999999742118
1995-P26.6-to-11.1-minute-zero,1995-12-15,02:27:00.0000000,0,1995-12-15T02:27:00.0000000Z,26.6,6.3,6 / 3,262.62499591045446,11.1,1995-12-15T02:27:00.3480539Z,-0.3480539,1995-09-18T00:14:19.5289125Z,88.00000000415514
1995-P26.6-to-11.1-minute-next,1995-12-15,02:28:00.0000000,0,1995-12-15T02:28:00.0000000Z,11.1,6.3,1 / 3,262.625702365777,11.1,1995-12-15T02:27:00.3480539Z,59.6519461,1995-09-18T00:15:22.0793277Z,88.00000000055456
1995-P26.6-to-11.1-second-one,1995-12-15,02:27:01.0000000,0,1995-12-15T02:27:01.0000000Z,11.1,6.3,1 / 3,262.62500768464554,11.1,1995-12-15T02:27:00.3480539Z,0.6519461,1995-09-18T00:14:20.5719163Z,87.99999999853515
2005-P24.6-to-2.1-minute-zero,2005-05-03,15:33:00.0000000,60,2005-05-03T14:33:00.0000000Z,24.6,13.3,6 / 3,43.249995281926694,24.6,2005-05-03T14:33:00.4210154Z,-0.4210154,2005-02-03T23:37:57.2782265Z,87.99999999858079
2005-P24.6-to-2.1-minute-next,2005-05-03,15:34:00.0000000,60,2005-05-03T14:34:00.0000000Z,2.1,13.3,1 / 3,43.25066866322183,2.1,2005-05-03T14:33:00.4210154Z,59.5789846,2005-02-03T23:38:54.6391306Z,87.99999999894351
2005-P24.6-to-2.1-second-one,2005-05-03,15:33:01.0000000,60,2005-05-03T14:33:01.0000000Z,2.1,13.3,1 / 3,43.25000650488972,2.1,2005-05-03T14:33:00.4210154Z,0.5789846,2005-02-03T23:37:58.2342060Z,87.99999999849592
2005-P53.4-to-53.5-minute-zero,2005-07-11,02:47:00.0000000,60,2005-07-11T01:47:00.0000000Z,53.4,42.1,4 / 1,108.87499749948556,53.5,2005-07-11T01:47:00.2270148Z,-0.2270148,2005-04-10T15:56:01.7547287Z,88.00000000119633
2005-P53.4-to-53.5-minute-next,2005-07-11,02:48:00.0000000,60,2005-07-11T01:48:00.0000000Z,53.5,42.1,5 / 1,108.8756598325621,53.5,2005-07-11T01:47:00.2270148Z,59.7729852,2005-04-10T15:57:00.0364082Z,88.00000000110788
2005-P53.4-to-53.5-second-one,2005-07-11,02:47:01.0000000,60,2005-07-11T01:47:01.0000000Z,53.5,42.1,5 / 1,108.87500853831102,53.5,2005-07-11T01:47:00.2270148Z,0.7729852,2005-04-10T15:56:02.7259567Z,88.00000000545424
2005-P56.2-to-56.3-minute-zero,2005-07-20,22:40:00.0000000,60,2005-07-20T21:40:00.0000000Z,56.2,3.5,2 / 5,118.24999900189322,56.3,2005-07-20T21:40:00.0910249Z,-0.0910249,2005-04-20T05:46:02.8831967Z,87.9999999931174
2005-P56.2-to-56.3-minute-next,2005-07-20,22:41:00.0000000,60,2005-07-20T21:41:00.0000000Z,56.3,3.5,3 / 5,118.25066162370733,56.3,2005-07-20T21:40:00.0910249Z,59.9089751,2005-04-20T05:47:01.5406135Z,87.99999999746325
2005-P56.2-to-56.3-second-one,2005-07-20,22:40:01.0000000,60,2005-07-20T21:40:01.0000000Z,56.3,3.5,3 / 5,118.25001004553039,56.3,2005-07-20T21:40:00.0910249Z,0.9089751,2005-04-20T05:46:03.8599768Z,88.00000001121668
2015-P41.4-to-41.5-minute-zero,2015-01-26,01:20:00.0000000,0,2015-01-26T01:20:00.0000000Z,41.4,44.1,4 / 1,305.7499968177302,41.5,2015-01-26T01:20:00.2710459Z,-0.2710459,2014-10-31T06:20:25.9323969Z,88.00000000455503
2015-P41.4-to-41.5-minute-next,2015-01-26,01:21:00.0000000,0,2015-01-26T01:21:00.0000000Z,41.5,44.1,5 / 1,305.75070294250327,41.5,2015-01-26T01:20:00.2710459Z,59.7289541,2014-10-31T06:21:26.9588210Z,88.00000000908312
2015-P41.4-to-41.5-second-one,2015-01-26,01:20:01.0000000,0,2015-01-26T01:20:01.0000000Z,41.5,44.1,5 / 1,305.7500085864145,41.5,2015-01-26T01:20:00.2710459Z,0.7289541,2014-10-31T06:20:26.9495307Z,88.0000000055789
2015-P13.2-to-13.3-minute-zero,2015-02-04,06:56:00.0000000,0,2015-02-04T06:56:00.0000000Z,13.2,1.5,2 / 5,315.124996759837,13.3,2015-02-04T06:56:00.2770056Z,-0.2770056,2014-11-09T14:55:40.9503891Z,87.99999999452183
2015-P13.2-to-13.3-minute-next,2015-02-04,06:57:00.0000000,0,2015-02-04T06:57:00.0000000Z,13.3,1.5,3 / 5,315.1257008198615,13.3,2015-02-04T06:56:00.2770056Z,59.7229944,2014-11-09T14:56:41.5282541Z,88.00000000155376
2015-P13.2-to-13.3-second-one,2015-02-04,06:56:01.0000000,0,2015-02-04T06:56:01.0000000Z,13.3,1.5,3 / 5,315.125008494109,13.3,2015-02-04T06:56:00.2770056Z,0.7229944,2014-11-09T14:55:41.9598789Z,88.00000000186617
2025-P60.4-to-60.5-minute-zero,2025-01-19,22:57:00.0000000,0,2025-01-19T22:57:00.0000000Z,60.4,28.1,4 / 1,300.1249969949901,60.5,2025-01-19T22:57:00.2560274Z,-0.2560274,2024-10-25T01:26:50.8069001Z,87.99999999944737
2025-P60.4-to-60.5-minute-next,2025-01-19,22:58:00.0000000,0,2025-01-19T22:58:00.0000000Z,60.5,28.1,5 / 1,300.12570370717475,60.5,2025-01-19T22:57:00.2560274Z,59.7439726,2024-10-25T01:27:52.0683664Z,87.99999999119268
2025-P60.4-to-60.5-second-one,2025-01-19,22:57:01.0000000,0,2025-01-19T22:57:01.0000000Z,60.5,28.1,5 / 1,300.1250087739377,60.5,2025-01-19T22:57:00.2560274Z,0.7439726,2024-10-25T01:26:51.8276953Z,88.00000000014893
2025-P36.3-to-36.4-minute-zero,2025-03-15,18:56:00.0000000,0,2025-03-15T18:56:00.0000000Z,36.3,11.6,3 / 6,355.43749799656126,36.4,2025-03-15T18:56:00.1740089Z,-0.1740089,2024-12-18T20:55:44.1085292Z,87.99999999678613
2025-P36.3-to-36.4-minute-next,2025-03-15,18:57:00.0000000,0,2025-03-15T18:57:00.0000000Z,36.4,11.6,4 / 6,355.43818950984115,36.4,2025-03-15T18:56:00.1740089Z,59.8259911,2024-12-18T20:56:42.8150305Z,87.99999999084383
2025-P36.3-to-36.4-second-one,2025-03-15,18:56:01.0000000,0,2025-03-15T18:56:01.0000000Z,36.4,11.6,4 / 6,355.43750952172275,36.4,2025-03-15T18:56:00.1740089Z,0.8259911,2024-12-18T20:55:45.0863151Z,88.00000000207797
