id	firstCapturedUtc	secondCapturedUtc	utcDisplayed	repeatIdentical	all26AndProfileEqualMyBodyGraph
JDS-01	2026-10-03T12:59:03.437Z	2026-10-03T12:59:47.314Z	January 3, 1986, 01:32	true	true
JDS-02	2026-10-03T13:00:07.777Z	2026-10-03T13:00:09.951Z	January 4, 1986, 23:53	true	true
JDS-03	2026-10-03T13:00:12.069Z	2026-10-03T13:00:14.472Z	January 5, 1986, 22:15	true	true
JDS-04	2026-10-03T13:00:16.714Z	2026-10-03T13:00:18.842Z	July 13, 2013, 09:06	true	true
JDS-05	2026-10-03T13:00:21.278Z	2026-10-03T13:00:23.478Z	January 14, 2019, 08:06	true	true
JDS-06	2026-10-03T13:00:35.734Z	2026-10-03T13:00:37.892Z	July 3, 2019, 15:11	true	true
JDS-07	2026-10-03T13:00:40.049Z	2026-10-03T13:00:42.431Z	March 8, 2025, 23:41	true	true
JDS-08	2026-10-03T13:00:44.577Z	2026-10-03T13:00:46.741Z	January 3, 1980, 12:56	true	true
JDS-09	2026-10-03T13:00:49.140Z	2026-10-03T13:00:51.354Z	January 7, 1985, 01:53	true	true
JDS-10	2026-10-03T13:01:03.781Z	2026-10-03T13:01:05.928Z	July 13, 2003, 22:22	true	true
JDS-11	2026-10-03T13:01:08.139Z	2026-10-03T13:01:10.524Z	January 7, 2004, 16:33	true	true
JDS-12	2026-10-03T13:01:12.715Z	2026-10-03T13:01:14.917Z	January 2, 2021, 05:30	true	true
JDS-13	2026-10-03T13:01:17.331Z	2026-10-03T13:01:19.494Z	May 1, 1980, 13:10	true	true
JDS-14	2026-10-03T13:01:32.636Z	2026-10-03T13:01:34.831Z	November 7, 1980, 15:52	true	true
JDS-15	2026-10-03T13:01:36.993Z	2026-10-03T13:01:39.407Z	March 19, 1983, 10:55	true	true
JDS-16	2026-10-03T13:01:41.543Z	2026-10-03T13:01:43.707Z	October 19, 1989, 19:05	true	true
JDS-17	2026-10-03T13:01:46.107Z	2026-10-03T13:01:48.249Z	December 16, 1989, 06:47	true	true
JDS-18	2026-10-03T13:01:58.880Z	2026-10-03T13:02:01.042Z	June 23, 1992, 22:19	true	true
JDS-19	2026-10-03T13:02:03.186Z	2026-10-03T13:02:05.608Z	May 25, 1993, 11:52	true	true
JDS-20	2026-10-03T13:02:07.821Z	2026-10-03T13:02:09.942Z	November 2, 2004, 14:00	true	true
JDS-21	2026-10-03T13:02:12.358Z	2026-10-03T13:02:14.534Z	April 10, 2017, 08:41	true	true
JDS-22	2026-10-03T13:02:27.620Z	2026-10-03T13:02:29.776Z	March 10, 1983, 06:40	true	true
JDS-23	2026-10-03T13:02:31.950Z	2026-10-03T13:02:34.380Z	July 4, 2023, 12:50	true	true
JDS-24	2026-10-03T13:02:36.613Z	2026-10-03T13:02:38.760Z	July 2, 1981, 12:35	true	true
JDS-25	2026-10-03T13:02:41.287Z	2026-10-03T13:02:43.386Z	July 1, 1993, 05:03	true	true
JDS-26	2026-10-03T13:03:03.801Z	2026-10-03T13:03:06.004Z	January 4, 2018, 00:58	true	true
JDS-27	2026-10-03T13:03:08.199Z	2026-10-03T13:03:10.593Z	July 12, 2018, 17:42	true	true
JDS-28	2026-10-03T13:03:12.753Z	2026-10-03T13:03:14.876Z	January 13, 2019, 20:44	true	true
