id	personality	design	profile	designDateDisplayed	firstCapturedUtc	secondCapturedUtc	repeatIdentical
JDS-01	38.4 39.4 46.5 27.6 28.6 11.4 58.5 44.5 13.6 34.6 26.3 10.6 28.6	48.6 21.6 53.6 24.2 44.2 32.5 47.3 47.1 41.6 14.2 5.4 10.3 28.2	4/6	07 October 1985 @ 17:04	2026-10-03T12:40:34.582Z	2026-10-03T12:41:32.782Z	true
JDS-02	38.6 39.6 50.4 27.6 28.6 10.1 38.2 44.6 49.1 34.6 26.3 10.6 28.6	57.2 51.2 7.4 24.2 44.2 50.3 47.5 47.2 41.6 14.2 5.4 10.3 28.3	6/2	09 October 1985 @ 16:54	2026-10-03T12:42:29.136Z	2026-10-03T12:43:16.461Z	true
JDS-03	54.1 53.1 44.6 27.6 28.6 10.2 38.3 1.1 49.1 34.6 26.3 10.6 28.6	57.3 51.3 29.6 24.2 44.2 50.4 6.1 47.3 41.6 14.2 5.4 10.4 28.3	1/3	10 October 1985 @ 15:58	2026-10-03T12:43:26.759Z	2026-10-03T12:43:37.043Z	true
JDS-04	62.1 61.1 47.2 1.1 2.1 53.1 4.1 15.2 52.1 28.4 21.4 55.6 38.1	42.3 32.3 23.4 1.4 2.4 25.1 3.1 42.4 35.3 44.2 17.6 55.5 38.3	1/3	12 April 2013 @ 21:50	2026-10-03T12:44:00.192Z	2026-10-03T12:44:10.483Z	true
JDS-05	61.4 62.4 42.5 56.1 60.1 38.5 9.2 17.6 5.4 38.4 3.3 63.4 61.1	32.6 42.6 49.5 31.1 41.1 1.1 28.6 13.2 14.2 58.1 3.5 63.3 54.4	4/6	19 October 2018 @ 07:15	2026-10-03T12:44:20.875Z	2026-10-03T12:44:31.202Z	true
JDS-06	39.3 38.3 62.3 53.3 54.3 31.2 15.2 56.5 5.6 54.3 27.5 22.2 61.2	21.5 48.5 22.6 62.3 61.3 22.1 37.4 20.3 11.2 54.6 3.6 22.1 61.3	3/5	03 April 2019 @ 11:19	2026-10-03T12:44:53.238Z	2026-10-03T12:45:03.567Z	true
JDS-07	22.2 47.2 53.3 36.6 6.6 17.4 21.1 53.4 35.2 22.5 23.6 25.2 41.2	26.4 45.4 24.1 25.6 46.6 9.2 41.4 31.5 35.5 63.3 23.6 36.5 60.5	2/4	12 December 2024 @ 04:47	2026-10-03T12:45:13.875Z	2026-10-03T12:45:24.132Z	true
JDS-08	38.3 39.3 62.6 59.1 55.1 10.4 13.2 64.4 40.5 6.5 43.6 26.5 32.1	48.6 21.6 2.4 40.3 37.3 50.6 32.6 33.1 59.2 47.4 43.1 26.2 57.5	3/6	08 October 1979 @ 04:31	2026-10-03T12:45:41.569Z	2026-10-03T12:45:51.836Z	true
JDS-09	54.2 53.2 53.2 8.3 14.3 11.2 55.4 37.5 61.3 14.1 5.5 10.4 28.3	57.4 51.4 24.2 8.4 14.4 57.5 43.1 58.1 58.3 1.3 9.6 10.1 50.6	2/4	11 October 1984 @ 20:50	2026-10-03T12:46:02.175Z	2026-10-03T12:46:12.488Z	true
JDS-10	62.1 61.1 61.3 8.5 14.5 56.5 39.2 37.4 4.2 52.2 55.3 19.6 26.1	42.3 32.3 40.1 8.6 14.6 24.5 22.4 61.5 33.1 12.2 55.2 19.6 26.4	1/3	13 April 2003 @ 10:54	2026-10-03T12:46:33.415Z	2026-10-03T12:46:43.689Z	true
JDS-11	54.2 53.2 53.3 23.1 43.1 11.4 49.3 21.5 47.3 52.6 55.1 19.5 26.4	57.4 51.4 24.6 23.2 43.2 18.6 28.2 55.2 40.5 39.4 30.6 19.3 26.1	2/4	12 October 2003 @ 11:06	2026-10-03T12:46:54.032Z	2026-10-03T12:47:04.305Z	true
JDS-12	38.3 39.3 4.1 45.4 26.4 54.5 26.6 3.2 41.2 60.6 27.6 22.2 61.4	48.5 21.5 16.3 45.6 26.6 44.2 59.5 42.3 54.4 61.5 24.3 22.3 61.2	3/5	06 October 2020 @ 20:22	2026-10-03T12:47:29.573Z	2026-10-03T12:47:39.889Z	true
JDS-13	24.4 44.4 14.1 29.2 30.2 3.3 12.2 29.6 59.1 47.4 43.6 26.6 57.6	13.1 7.1 59.5 29.6 30.6 49.4 22.5 64.3 40.3 6.4 14.1 26.6 32.2	4/1	02 February 1980 @ 23:58	2026-10-03T12:47:50.247Z	2026-10-03T12:48:00.564Z	true
JDS-14	1.3 2.3 44.6 7.3 13.3 28.5 48.1 26.3 46.5 18.2 14.1 26.5 32.3	7.5 13.5 31.6 4.2 49.2 56.6 15.5 57.3 64.3 6.3 43.3 26.4 57.5	3/5	09 August 1980 @ 21:11	2026-10-03T12:48:34.400Z	2026-10-03T12:48:44.705Z	true
JDS-15	25.1 46.1 8.1 15.2 10.2 22.5 3.4 51.3 9.6 28.2 9.4 10.2 50.3	10.3 15.3 22.1 52.1 58.1 54.3 38.3 19.3 14.6 28.1 9.1 11.5 50.3	1/3	22 December 1982 @ 11:02	2026-10-03T12:48:55.038Z	2026-10-03T12:49:05.337Z	true
JDS-16	32.6 42.6 52.1 49.6 4.6 48.3 5.2 57.5 39.2 58.5 10.5 38.1 1.2	56.3 60.3 30.6 30.2 29.2 56.6 29.3 4.3 12.6 58.6 10.5 38.2 44.6	6/3	21 July 1989 @ 03:50	2026-10-03T12:49:24.994Z	2026-10-03T12:49:35.336Z	true
JDS-17	11.2 12.2 33.4 13.5 7.5 38.4 41.2 14.5 52.4 38.5 58.2 38.3 1.4	6.4 36.4 23.1 30.2 29.2 18.4 44.1 46.2 52.5 58.4 10.4 38.1 1.1	2/4	19 September 1989 @ 06:17	2026-10-03T12:49:45.626Z	2026-10-03T12:49:55.925Z	true
JDS-18	15.5 10.5 17.6 10.3 15.3 62.5 52.2 27.6 40.4 13.6 54.2 54.4 43.2	17.1 18.1 11.1 58.2 52.2 17.4 63.3 30.4 40.1 13.3 54.3 54.4 43.5	5/1	25 March 1992 @ 01:43	2026-10-03T12:50:17.456Z	2026-10-03T12:50:27.765Z	true
JDS-19	20.5 34.5 62.2 5.1 35.1 35.5 51.5 7.1 18.2 55.1 61.2 61.1 43.6	37.1 40.1 21.4 26.1 45.1 36.1 51.2 52.6 48.5 49.5 54.6 54.6 14.2	5/1	24 February 1993 @ 21:12	2026-10-03T12:50:38.066Z	2026-10-03T12:50:48.365Z	true
JDS-20	44.4 24.4 39.3 27.1 28.1 14.3 18.2 32.4 18.5 56.1 55.3 19.6 26.4	33.6 19.6 25.6 27.5 28.5 40.2 12.6 29.2 47.3 53.6 55.6 13.1 26.3	4/6	04 August 2004 @ 13:25	2026-10-03T12:51:06.679Z	2026-10-03T12:51:16.963Z	true
JDS-21	51.6 57.6 48.2 59.3 55.3 27.4 36.6 23.4 57.3 11.6 42.4 63.2 54.5	61.3 62.3 62.6 59.5 55.5 10.2 37.5 22.2 32.2 11.1 51.6 37.5 54.3	6/3	12 January 2017 @ 16:34	2026-10-03T12:51:27.271Z	2026-10-03T12:51:37.562Z	true
JDS-22	22.3 47.3 60.4 15.4 10.4 55.6 51.5 21.1 9.6 28.2 9.4 10.1 50.3	26.5 45.5 14.6 52.1 58.1 58.1 10.3 41.1 14.4 50.6 9.1 11.5 50.3	3/5	13 December 1982 @ 11:20	2026-10-03T12:51:58.875Z	2026-10-03T12:52:09.169Z	true
JDS-23	39.4 38.4 60.1 3.6 50.6 53.2 4.5 29.3 24.3 37.2 23.4 36.6 60.4	21.6 48.6 6.1 27.3 28.3 3.6 23.4 52.2 51.6 55.4 2.4 36.4 60.5	4/6	04 April 2023 @ 08:27	2026-10-03T12:52:19.505Z	2026-10-03T12:52:29.798Z	true
JDS-24	39.2 38.2 53.6 56.6 60.6 12.5 31.2 45.3 46.5 46.6 14.3 11.1 32.1	21.4 48.4 37.3 33.2 19.2 22.4 21.2 21.4 18.1 18.3 14.6 11.3 32.3	2/4	02 April 1981 @ 08:49	2026-10-03T12:52:49.280Z	2026-10-03T12:52:59.638Z	true
JDS-25	52.6 58.6 34.6 5.1 35.1 56.3 8.1 59.5 18.3 30.6 54.6 54.6 43.5	21.3 48.3 62.3 5.4 35.4 63.3 21.3 53.4 48.1 30.3 61.2 61.1 14.1	6/3	01 April 1993 @ 02:29	2026-10-03T12:53:09.979Z	2026-10-03T12:53:20.341Z	true
JDS-26	38.5 39.5 33.4 7.3 13.3 26.5 38.4 1.4 1.5 10.4 42.5 63.1 54.5	57.1 51.1 8.1 4.5 49.5 57.1 6.1 47.5 50.4 11.1 3.1 63.1 54.2	5/1	08 October 2017 @ 17:05	2026-10-03T12:53:41.912Z	2026-10-03T12:53:52.197Z	true
JDS-27	53.6 54.6 39.6 31.5 41.5 7.4 59.4 19.1 1.1 58.1 27.1 63.6 54.6	42.2 32.2 37.1 33.6 19.6 17.2 2.2 38.5 43.3 58.6 3.2 63.5 61.1	6/2	12 April 2018 @ 07:04	2026-10-03T12:54:02.579Z	2026-10-03T12:54:12.901Z	true
JDS-28	61.3 62.3 51.4 56.1 60.1 38.5 9.2 17.6 5.4 38.4 3.3 63.4 61.1	32.5 42.5 13.5 31.1 41.1 44.6 28.6 13.1 14.2 58.1 3.5 63.3 54.4	3/5	18 October 2018 @ 19:36	2026-10-03T12:54:35.147Z	2026-10-03T12:54:45.478Z	true
